time,latitude,longitude,depth,mag,magType,nst,gap,dmin,rms,net,id,updated,place,type,horizontalError,depthError,magError,magNst,status,locationSource,magSource
2017-11-09T22:52:02.020Z,33.8255,-116.9726667,45.08,1.47,ml,18,104,0.01789,0.28,ci,ci37808031,2017-11-09T23:03:46.409Z,"5km NNW of San Jacinto, CA",earthquake,1.66,2.33,0.267,28,automatic,ci,ci
2017-11-09T22:51:27.360Z,33.6916667,-117.1593333,0.11,1.23,ml,13,93,0.1738,0.32,ci,ci37808023,2017-11-09T23:03:44.874Z,"4km SSW of Menifee, CA",earthquake,0.94,31.61,0.459,19,automatic,ci,ci
2017-11-09T22:46:11.170Z,33.5995,-116.6245,13.6,0.66,ml,23,60,0.02382,0.13,ci,ci37808015,2017-11-09T22:59:16.663Z,"7km NE of Anza, CA",earthquake,0.27,0.34,0.129,16,automatic,ci,ci
2017-11-09T22:37:44.320Z,33.6006667,-116.6213333,13.37,0.25,ml,15,72,0.02128,0.08,ci,ci37808007,2017-11-09T23:04:27.828Z,"7km NE of Anza, CA",earthquake,0.23,0.37,0.073,6,reviewed,ci,ci
2017-11-09T22:36:57.990Z,48.0808334,-121.9176636,-0.75,2.28,md,27,71,0.1148,0.25,uw,uw61326962,2017-11-09T22:41:39.220Z,"3km E of Granite Falls, Washington",earthquake,0.39,1.47,0.24,4,reviewed,uw,uw
2017-11-09T22:35:46.830Z,33.5991667,-116.6253333,13.29,1.05,ml,32,50,0.0245,0.08,ci,ci37807999,2017-11-09T23:00:04.744Z,"7km NE of Anza, CA",earthquake,0.15,0.23,0.135,22,reviewed,ci,ci
2017-11-09T22:06:06.590Z,19.8488331,-155.5286713,21.49,1.87,md,28,163,0.09385,0.24,hv,hv61971996,2017-11-09T22:09:33.640Z,"24km SE of Waimea, Hawaii",earthquake,0.94,2.62,0.12,6,automatic,hv,hv
2017-11-09T21:58:12.862Z,62.9533,-148.6751,47.3,1.9,ml,,,,0.7,ak,ak17174581,2017-11-09T22:08:37.067Z,"50km SSE of Cantwell, Alaska",earthquake,,0.5,,,automatic,ak,ak
2017-11-09T21:53:26.347Z,38.2469,-118.7719,10.3,0.5,ml,6,205,0.184,0.1062,nn,nn00612015,2017-11-09T22:09:21.634Z,"33km SSW of Hawthorne, Nevada",earthquake,,8.3,0.45,4,reviewed,nn,nn
2017-11-09T21:52:39.220Z,45.8845,-119.9298333,6.93,1.87,ml,9,191,0.0107,0.2,uw,uw61326937,2017-11-09T22:51:58.180Z,"18km WNW of Boardman, Oregon",earthquake,1.18,0.56,0.204,7,reviewed,uw,uw
2017-11-09T21:50:44.192Z,59.9134,-151.4333,20,2,ml,,,,0.76,ak,ak17174574,2017-11-09T22:04:56.481Z,"21km NNW of Fritz Creek, Alaska",earthquake,,0.3,,,automatic,ak,ak
2017-11-09T21:28:00.090Z,-11.3586,161.5718,8.73,4.7,mb,,131,2.488,0.85,us,us2000bl4f,2017-11-09T22:17:56.040Z,"107km SSW of Kirakira, Solomon Islands",earthquake,11.9,5.5,0.077,52,reviewed,us,us
2017-11-09T21:03:55.320Z,15.6055,-94.481,33.64,4.2,mb,,206,2.886,0.98,us,us2000bl3e,2017-11-09T22:40:51.040Z,"71km SSE of San Francisco del Mar, Mexico",earthquake,13.5,14.7,0.066,65,reviewed,us,us
2017-11-09T21:00:26.440Z,38.2818336,-119.2686691,12.51,2.11,md,6,122,0.2395,0.06,nc,nc72921821,2017-11-09T22:03:11.768Z,"4km WNW of Bridgeport, California",earthquake,0.57,2.45,0.26,5,automatic,nc,nc
2017-11-09T20:59:16.782Z,38.7776,-118.7733,8.8,1.9,ml,16,89.15,0.247,0.1753,nn,nn00612010,2017-11-09T21:47:34.641Z,"30km NNW of Hawthorne, Nevada",earthquake,,6,0.14,9,reviewed,nn,nn
2017-11-09T20:49:08.473Z,63.6308,-150.7667,13,0.9,ml,,,,0.18,ak,ak17174358,2017-11-09T20:52:46.432Z,"92km WSW of Healy, Alaska",earthquake,,0.2,,,automatic,ak,ak
2017-11-09T20:39:41.780Z,36.083,-117.8583333,2.13,2.17,ml,28,84,0.03462,0.1,ci,ci37807823,2017-11-09T22:58:13.138Z,"9km ENE of Coso Junction, CA",earthquake,0.13,0.15,0.222,24,reviewed,ci,ci
2017-11-09T20:34:54.520Z,45.5975,-123.4726667,-0.11,1.45,ml,6,248,0.413,0.35,uw,uw61326872,2017-11-09T22:13:51.280Z,"28km W of Banks, Oregon",earthquake,11.25,9.45,0.152,4,reviewed,uw,uw
2017-11-09T20:33:04.310Z,19.195,-155.4155,33.114,1.75,md,29,158,,0.12,hv,hv61971931,2017-11-09T21:29:35.650Z,"6km E of Pahala, Hawaii",earthquake,0.61,1,0.022,13,reviewed,hv,hv
2017-11-09T20:32:39.610Z,37.585,-118.8411667,2.84,1.13,md,13,213,0.01081,0.06,nc,nc72921811,2017-11-09T22:34:03.413Z,"13km ESE of Mammoth Lakes, California",earthquake,0.79,0.63,0.319,10,reviewed,nc,nc
2017-11-09T20:31:46.610Z,19.4573333,-155.6013333,2.312,1.22,md,12,92,,0.12,hv,hv61971926,2017-11-09T21:18:57.270Z,"27km E of Honaunau-Napoopoo, Hawaii",earthquake,0.38,0.3,0.029,4,reviewed,hv,hv
2017-11-09T20:31:00.290Z,37.607,-118.8205,2.69,0.67,md,9,199,0.01827,0.03,nc,nc72921816,2017-11-09T22:24:03.394Z,"14km ESE of Mammoth Lakes, California",earthquake,0.73,0.6,0.276,8,reviewed,nc,nc
2017-11-09T20:06:13.610Z,39.355,-120.011,4.2,0.8,ml,3,288.21,0.065,0.0063,nn,nn00612028,2017-11-09T22:58:52.127Z,"11km NNW of Incline Village, Nevada",earthquake,,5.7,0.46,3,reviewed,nn,nn
2017-11-09T19:58:39.000Z,37.6076667,-118.8186667,3.58,0.72,md,7,230,0.01946,0.03,nc,nc72921801,2017-11-09T22:13:03.370Z,"14km ESE of Mammoth Lakes, California",earthquake,0.77,0.54,0.116,6,reviewed,nc,nc
2017-11-09T19:52:59.886Z,57.7108,-152.6612,53,2.1,ml,,,,0.45,ak,ak17174348,2017-11-09T19:59:19.891Z,"7km SSW of Kodiak Station, Alaska",earthquake,,3.4,,,automatic,ak,ak
2017-11-09T19:52:39.138Z,37.2401,-115.4936,0,1.6,ml,15,148.53,0.389,0.1597,nn,nn00612005,2017-11-09T21:31:41.124Z,"32km WSW of Alamo, Nevada",earthquake,,0,0.3,8,reviewed,nn,nn
2017-11-09T19:51:48.616Z,61.5497,-146.1187,27.1,1.6,ml,,,,0.69,ak,ak17174346,2017-11-09T20:01:00.325Z,"48km NNE of Valdez, Alaska",earthquake,,0.2,,,automatic,ak,ak
2017-11-09T19:41:01.642Z,57.7424,-153.2378,2.2,2.1,ml,,,,0.31,ak,ak17174342,2017-11-09T19:45:11.455Z,"38km W of Kodiak Station, Alaska",earthquake,,0.5,,,automatic,ak,ak
2017-11-09T19:39:51.610Z,35.0496667,-118.3188333,-0.82,1.43,ml,17,79,0.06181,0.19,ci,ci37807703,2017-11-09T22:59:55.076Z,"13km W of Mojave, CA",quarry blast,0.41,31.61,0.154,22,reviewed,ci,ci
2017-11-09T19:38:44.180Z,37.5838333,-118.8566667,-0.28,0.82,md,8,202,0.02275,0.04,nc,nc72921796,2017-11-09T22:03:04.598Z,"12km SE of Mammoth Lakes, California",earthquake,0.58,1.02,0.206,7,reviewed,nc,nc
2017-11-09T19:38:39.943Z,60.1605,-140.9533,12.2,1.3,ml,,,,0.64,ak,ak17174338,2017-11-09T19:43:30.312Z,"82km E of Cape Yakataga, Alaska",earthquake,,0.5,,,automatic,ak,ak
2017-11-09T19:30:29.266Z,61.454,-150.7989,57.2,1.4,ml,,,,0.55,ak,ak17174336,2017-11-09T19:34:34.208Z,"45km W of Big Lake, Alaska",earthquake,,0.6,,,automatic,ak,ak
2017-11-09T19:13:16.540Z,47.785,-122.1148333,4.53,0.87,ml,5,115,0.234,0.16,uw,uw61326847,2017-11-09T19:51:16.440Z,"2km S of Maltby, Washington",earthquake,0.49,13.01,0.044,3,reviewed,uw,uw
2017-11-09T19:13:01.850Z,36.8875008,-121.6056671,1.96,1.83,md,13,70,0.0114,0.06,nc,nc72921786,2017-11-09T19:36:02.784Z,"3km E of Aromas, California",earthquake,0.24,0.44,0.34,13,automatic,nc,nc
2017-11-09T19:00:06.230Z,37.5985,-118.8163333,3.79,0.86,md,14,159,0.01321,0.05,nc,nc72921781,2017-11-09T21:44:03.320Z,"14km ESE of Mammoth Lakes, California",earthquake,0.38,0.33,0.119,12,reviewed,nc,nc
2017-11-09T18:45:44.920Z,32.4901,141.5594,10,5.3,mww,,84,1.596,1.61,us,us2000bl0z,2017-11-09T21:24:09.040Z,"177km ESE of Hachijo-jima, Japan",earthquake,4.1,1.8,0.073,18,reviewed,us,us
2017-11-09T18:42:38.670Z,37.1558,-116.3271,6.1,0.1,ml,10,89.18,0.055,0.1388,nn,nn00611996,2017-11-09T19:03:23.330Z,"47km NE of Beatty, Nevada",earthquake,,2,0.48,6,reviewed,nn,nn
2017-11-09T18:39:27.920Z,19.5403333,-155.72,11.567,2.49,ml,44,77,,0.16,hv,hv61971871,2017-11-09T20:52:34.880Z,"17km ENE of Honaunau-Napoopoo, Hawaii",earthquake,0.49,0.38,0.229,15,reviewed,hv,hv
2017-11-09T18:34:59.420Z,36.5309982,-121.0933304,33.08,1.61,md,8,101,0.06419,0.37,nc,nc72921771,2017-11-09T21:43:02.320Z,"23km ENE of Soledad, California",earthquake,3.17,6.19,0.06,7,automatic,nc,nc
2017-11-09T18:34:27.708Z,37.1564,-116.3269,6.4,0.5,ml,11,59.71,0.055,0.1331,nn,nn00611994,2017-11-09T18:50:56.224Z,"47km NE of Beatty, Nevada",earthquake,,1.7,0.45,6,reviewed,nn,nn
2017-11-09T18:25:10.720Z,33.4896667,-116.7915,4.67,0.22,ml,18,118,0.02382,0.12,ci,ci38039984,2017-11-09T23:00:02.366Z,"9km NE of Aguanga, CA",earthquake,0.24,0.36,0.056,3,reviewed,ci,ci
2017-11-09T18:12:55.960Z,38.8393326,-122.7803345,-0.11,1,md,14,83,0.004484,0.1,nc,nc72921766,2017-11-09T18:27:04.538Z,"5km WNW of Cobb, California",earthquake,0.3,0.47,0.02,4,automatic,nc,nc
2017-11-09T17:38:46.430Z,33.5053333,-116.5148333,14.32,0.52,ml,33,68,0.05375,0.14,ci,ci38039976,2017-11-09T23:02:55.865Z,"16km ESE of Anza, CA",earthquake,0.22,0.33,0.096,14,reviewed,ci,ci
2017-11-09T17:24:58.496Z,57.5383,-152.9431,43.1,4.1,ml,,,,0.43,ak,ak17173892,2017-11-09T18:54:21.127Z,"32km SW of Kodiak Station, Alaska",earthquake,,0.6,,,reviewed,ak,ak
2017-11-09T17:23:22.980Z,19.3808333,-155.2373333,3.06,0.83,md,26,88,,0.09,hv,hv61971836,2017-11-09T21:02:12.080Z,"5km S of Volcano, Hawaii",earthquake,0.23,0.18,0.179,6,reviewed,hv,hv
2017-11-09T17:06:54.670Z,39.658165,-120.4996643,7.55,2.39,md,18,134,0.1214,0.07,nc,nc72921761,2017-11-09T19:52:02.811Z,"16km S of Portola, California",earthquake,0.48,1.38,0.17,17,automatic,nc,nc
2017-11-09T16:49:45.423Z,60.8448,-152.3791,70.8,2,ml,,,,0.83,ak,ak17173699,2017-11-09T16:53:34.882Z,"44km NNE of Redoubt Volcano, Alaska",earthquake,,1.7,,,automatic,ak,ak
2017-11-09T16:48:58.600Z,58.223,-155.3697,14.3,3.3,ml,,,,1.04,ak,ak17173694,2017-11-09T20:06:02.040Z,"98km ESE of King Salmon, Alaska",earthquake,,0.5,,,automatic,ak,ak
2017-11-09T16:46:25.310Z,38.8195,-122.8160019,1.72,1.38,md,16,63,0.006047,0.04,nc,nc72921756,2017-11-09T19:37:02.786Z,"6km NW of The Geysers, California",earthquake,0.26,0.38,0.07,6,automatic,nc,nc
2017-11-09T16:42:43.570Z,37.6049995,-118.8156662,3.1,1.16,md,10,140,0.01837,0.02,nc,nc72921751,2017-11-09T19:08:03.010Z,"14km ESE of Mammoth Lakes, California",earthquake,0.55,0.88,0.19,9,automatic,nc,nc
2017-11-09T16:41:32.110Z,33.3018333,-116.7655,13.47,1.32,ml,47,35,0.06592,0.18,ci,ci38039968,2017-11-09T22:58:48.576Z,"7km N of Lake Henshaw, CA",earthquake,0.21,0.54,0.121,26,reviewed,ci,ci
2017-11-09T16:37:22.660Z,33.6503333,-116.7031667,13.27,0.19,ml,15,129,0.03071,0.07,ci,ci38039960,2017-11-09T22:58:47.023Z,"10km S of Idyllwild, CA",earthquake,0.25,0.47,0.056,4,reviewed,ci,ci
2017-11-09T16:26:53.420Z,47.524,-122.3008333,27.18,1.25,ml,13,148,0.3307,0.19,uw,uw61326837,2017-11-09T17:51:39.600Z,"4km E of White Center, Washington",earthquake,0.86,1.97,0.087,6,reviewed,uw,uw
2017-11-09T16:04:43.720Z,37.532,-118.8173333,-0.54,0.95,md,18,230,0.05868,0.09,nc,nc72921741,2017-11-09T21:34:04.309Z,"18km SE of Mammoth Lakes, California",earthquake,0.46,31.61,0.274,13,reviewed,nc,nc
2017-11-09T15:55:29.970Z,46.8976667,-112.6518333,4.76,0.56,md,9,110,0.058,0.05,mb,mb80268844,2017-11-09T16:54:34.320Z,"6km SSE of Lincoln, Montana",earthquake,0.37,0.78,0.27,4,reviewed,mb,mb
2017-11-09T15:54:34.000Z,36.3647,-98.1612,6.347,2.5,ml,,40,,0.45,us,us2000bkw1,2017-11-09T19:44:42.291Z,"22km SSE of Helena, Oklahoma",earthquake,0.8,4,,,reviewed,tul,tul
2017-11-09T15:49:04.412Z,59.4154,-152.9198,95.5,1.9,ml,,,,0.49,ak,ak17173685,2017-11-09T15:56:12.240Z,"73km WSW of Anchor Point, Alaska",earthquake,,0.4,,,automatic,ak,ak
2017-11-09T15:43:33.460Z,37.6101685,-118.8266678,4.68,1.5,md,17,81,0.0202,0.02,nc,nc72921731,2017-11-09T16:48:03.209Z,"13km ESE of Mammoth Lakes, California",earthquake,0.34,0.4,0.2,13,automatic,nc,nc
2017-11-09T15:42:34.100Z,36.9137,-98.3301,4.296,2.6,ml,,109,,0.39,us,us2000bkvy,2017-11-09T19:26:23.435Z,"17km N of Cherokee, Oklahoma",earthquake,1.2,2.7,,,reviewed,tul,tul
2017-11-09T15:38:55.310Z,34.3505,-117.4871667,12.65,2.53,ml,100,22,0.09463,0.2,ci,ci38039944,2017-11-09T23:00:14.471Z,"10km N of Lytle Creek, CA",earthquake,0.15,0.3,0.135,24,reviewed,ci,ci
2017-11-09T15:37:58.110Z,36.0618,140.1218,46.33,4.4,mb,,151,1.622,1,us,us2000bl61,2017-11-09T22:54:07.967Z,"4km WNW of Naka, Japan",earthquake,3,9.9,0.143,14,reviewed,us,us
2017-11-09T15:35:11.310Z,33.5103333,-116.7948333,5.97,0.43,ml,23,93,0.005037,0.08,ci,ci38039936,2017-11-09T22:58:59.756Z,"10km NE of Aguanga, CA",earthquake,0.19,0.47,0.081,8,reviewed,ci,ci
2017-11-09T15:21:11.990Z,46.8838333,-112.517,14.54,1.17,ml,12,105,0.119,0.12,mb,mb80268839,2017-11-09T16:59:11.170Z,"14km ESE of Lincoln, Montana",earthquake,0.47,0.5,0.023,2,reviewed,mb,mb
2017-11-09T15:14:16.820Z,44.8015,-111.0883333,4.97,0.21,md,7,206,0.01399,0.07,uu,uu60256837,2017-11-09T16:17:28.620Z,"15km N of West Yellowstone, Montana",earthquake,0.76,0.46,0.253,6,reviewed,uu,uu
2017-11-09T14:40:51.058Z,62.021,-148.2917,41.5,1,ml,,,,0.09,ak,ak17173500,2017-11-09T14:44:01.844Z,"38km NE of Sutton-Alpine, Alaska",earthquake,,0.9,,,automatic,ak,ak
2017-11-09T14:39:41.300Z,35.243,-97.7409,5.924,2.9,ml,,24,,0.64,us,us2000bkvq,2017-11-09T22:31:56.725Z,"8km SE of Tuttle, Oklahoma",earthquake,1.1,2.9,,,reviewed,tul,tul
2017-11-09T14:38:57.970Z,38.814167,-122.7906647,2.64,0.88,md,10,103,0.007173,0.02,nc,nc72921716,2017-11-09T15:12:03.024Z,"5km W of Cobb, California",earthquake,0.45,0.83,0.07,5,automatic,nc,nc
2017-11-09T14:28:40.130Z,33.5065,-116.7946667,4.58,0.4,ml,18,104,0.007538,0.09,ci,ci38039920,2017-11-09T22:59:07.955Z,"10km NE of Aguanga, CA",earthquake,0.18,0.25,0.107,7,reviewed,ci,ci
2017-11-09T14:27:34.670Z,37.5743333,-118.8368333,1.06,0.75,md,11,257,0.01683,0.03,nc,nc72921711,2017-11-09T21:24:02.292Z,"14km SE of Mammoth Lakes, California",earthquake,0.77,0.35,0.244,9,reviewed,nc,nc
2017-11-09T14:20:55.558Z,39.3685,-119.7388,1.7,0.9,ml,5,120.43,0.03,0.0795,nn,nn00612025,2017-11-09T22:43:25.525Z,"10km NW of Virginia City, Nevada",earthquake,,6.5,0.34,3,reviewed,nn,nn
2017-11-09T14:08:26.200Z,35.994,-97.8971,5.996,2.4,ml,,35,,0.3,us,us2000bkve,2017-11-09T22:41:30.036Z,"12km S of Hennessey, Oklahoma",earthquake,1,5.2,,,reviewed,tul,tul
2017-11-09T14:03:55.926Z,64.6143,-149.3968,19.5,1.6,ml,,,,0.66,ak,ak17173323,2017-11-09T14:12:34.486Z,"14km WNW of North Nenana, Alaska",earthquake,,0.1,,,automatic,ak,ak
2017-11-09T13:42:58.940Z,33.4996667,-116.7971667,4.34,-0.07,ml,16,141,0.01103,0.08,ci,ci38039904,2017-11-09T23:01:02.113Z,"9km NE of Aguanga, CA",earthquake,0.26,0.22,0.074,5,reviewed,ci,ci
2017-11-09T13:27:52.300Z,35.843,-118.254,4.8,1.27,ml,25,63,0.1474,0.16,ci,ci38039896,2017-11-09T22:57:15.263Z,"18km ENE of Kernville, CA",earthquake,0.26,0.76,0.194,11,reviewed,ci,ci
2017-11-09T13:26:10.467Z,59.7812,-153.3223,126,2.8,ml,,,,0.57,ak,ak17173308,2017-11-09T16:22:52.239Z,"83km W of Anchor Point, Alaska",earthquake,,0.4,,,automatic,ak,ak
2017-11-09T13:13:11.754Z,61.6589,-150.9852,68,1.3,ml,,,,0.23,ak,ak17173307,2017-11-09T13:16:21.674Z,"51km W of Willow, Alaska",earthquake,,0.8,,,automatic,ak,ak
2017-11-09T13:11:52.120Z,44.8108333,-111.101,8.87,0.35,md,8,182,0.01518,0.19,uu,uu60256832,2017-11-09T16:13:19.880Z,"16km N of West Yellowstone, Montana",earthquake,1.15,1.38,0.199,7,reviewed,uu,uu
2017-11-09T12:35:49.140Z,38.8175011,-122.7866669,1.17,0.85,md,8,117,0.006307,0.02,nc,nc72921706,2017-11-09T14:44:02.967Z,"5km W of Cobb, California",earthquake,0.47,0.39,0.07,3,automatic,nc,nc
2017-11-09T12:23:01.910Z,38.8195,-122.7603302,1.37,1.57,md,12,68,0.01327,0.04,nc,nc72921701,2017-11-09T14:15:04.912Z,"3km W of Cobb, California",earthquake,0.27,0.45,0.08,5,automatic,nc,nc
2017-11-09T12:22:17.640Z,37.6095009,-118.8218307,3.03,1.08,md,8,193,0.02028,0.02,nc,nc72921696,2017-11-09T13:47:03.853Z,"13km ESE of Mammoth Lakes, California",earthquake,1.42,0.98,0.19,8,automatic,nc,nc
2017-11-09T12:16:11.290Z,33.5036667,-116.8038333,4.47,0.3,ml,15,74,0.08294,0.19,ci,ci38039880,2017-11-09T23:02:18.227Z,"9km NE of Aguanga, CA",earthquake,0.39,0.79,0.071,11,reviewed,ci,ci
2017-11-09T12:10:47.057Z,60.5381,-141.6075,14,1.6,ml,,,,0.62,ak,ak17173131,2017-11-09T12:14:36.537Z,"69km NE of Cape Yakataga, Alaska",earthquake,,0.2,,,automatic,ak,ak
2017-11-09T11:57:44.750Z,36.6398315,-121.2584991,4.51,1.43,md,14,138,0.05364,0.07,nc,nc72921691,2017-11-09T13:19:03.811Z,"21km SSE of Ridgemark, California",earthquake,0.43,1.54,0.17,12,automatic,nc,nc
2017-11-09T11:47:46.490Z,35.9826667,-117.9213333,2.52,0.78,ml,11,230,0.03543,0.06,ci,ci38039864,2017-11-09T23:01:11.632Z,"5km NNW of Little Lake, CA",earthquake,0.3,0.13,0.098,4,reviewed,ci,ci
2017-11-09T11:45:08.230Z,38.7840004,-122.7750015,2.13,1.25,md,15,146,0.01363,0.03,nc,nc72921686,2017-11-09T12:53:02.770Z,"1km WNW of The Geysers, California",earthquake,0.35,0.74,0.19,6,automatic,nc,nc
2017-11-09T11:36:44.400Z,35.2386,-97.7445,7.242,2.2,ml,,45,,0.41,us,us2000bktj,2017-11-09T22:18:58.270Z,"8km SE of Tuttle, Oklahoma",earthquake,1.6,2.2,,,reviewed,tul,tul
2017-11-09T11:34:27.850Z,33.4968333,-116.7911667,5.02,0.36,ml,28,35,0.01729,0.12,ci,ci38039856,2017-11-09T22:58:27.587Z,"9km NE of Aguanga, CA",earthquake,0.15,0.54,0.155,12,reviewed,ci,ci
2017-11-09T11:22:51.000Z,35.2424,-97.7377,6.931,2.3,ml,,49,,0.35,us,us2000bkt6,2017-11-09T22:27:02.347Z,"8km SE of Tuttle, Oklahoma",earthquake,1.5,2.3,,,reviewed,tul,tul
2017-11-09T10:55:26.250Z,38.8390007,-122.8291702,1.65,1.32,md,13,77,0.00495,0.01,nc,nc72921661,2017-11-09T11:28:03.608Z,"9km WNW of Cobb, California",earthquake,0.32,0.52,0.09,5,automatic,nc,nc
2017-11-09T10:49:27.370Z,43.2983333,-110.8166667,3.39,0.95,ml,7,306,0.069,0.13,mb,mb80268824,2017-11-09T17:09:22.200Z,"3km NW of Hoback, Wyoming",earthquake,1.39,1.68,0.386,6,reviewed,mb,mb
2017-11-09T10:43:42.470Z,37.606,-118.8133333,2.76,0.64,md,8,220,0.02028,0.04,nc,nc72921656,2017-11-09T20:03:03.825Z,"14km ESE of Mammoth Lakes, California",earthquake,0.95,0.63,0.069,6,reviewed,nc,nc
2017-11-09T10:35:17.439Z,37.2567,-114.9495,0,1.1,ml,5,164.9,0.17,0.2211,nn,nn00611979,2017-11-09T18:34:59.400Z,"22km ESE of Alamo, Nevada",earthquake,,0,0.04,2,reviewed,nn,nn
2017-11-09T10:23:32.880Z,44.9655,-111.6195,13.8,0.92,ml,11,125,0.191,0.12,mb,mb80268819,2017-11-09T18:26:00.720Z,"40km SSW of Big Sky, Montana",earthquake,0.4,1.15,0.092,3,reviewed,mb,mb
2017-11-09T10:23:31.920Z,37.5145,-118.8413333,8.81,0.74,md,11,295,0.07602,0.05,nc,nc72921651,2017-11-09T20:01:02.822Z,"18km SE of Mammoth Lakes, California",earthquake,1.27,0.9,0.152,9,reviewed,nc,nc
2017-11-09T10:22:42.980Z,33.1925,-115.9993333,9.49,1.59,ml,69,25,0.08809,0.22,ci,ci38039848,2017-11-09T23:03:16.204Z,"12km SSW of Salton City, CA",earthquake,0.18,0.61,0.176,48,reviewed,ci,ci
2017-11-09T10:16:33.470Z,17.9958,-67.0076,9,2.57,md,3,243,0.1025,0.13,pr,pr2017313000,2017-11-09T11:25:46.696Z,"4km ENE of La Parguera, Puerto Rico",earthquake,1.05,3.39,0.1,3,reviewed,pr,pr
2017-11-09T10:06:12.770Z,-7.2302,155.8482,72.99,4.6,mb,,83,4.611,0.76,us,us2000bksq,2017-11-09T10:39:44.040Z,"102km SW of Chirovanga, Solomon Islands",earthquake,6.3,8.1,0.088,39,reviewed,us,us
2017-11-09T10:05:29.045Z,61.4838,-151.5553,76.9,1.9,ml,,,,0.63,ak,ak17172782,2017-11-09T10:12:09.057Z,"85km W of Big Lake, Alaska",earthquake,,0.6,,,automatic,ak,ak
2017-11-09T10:00:57.100Z,35.983,-117.9193333,2.6,0.63,ml,14,168,0.03406,0.05,ci,ci38039840,2017-11-09T23:03:20.554Z,"5km NNW of Little Lake, CA",earthquake,0.18,0.11,0.15,8,reviewed,ci,ci
2017-11-09T09:48:06.280Z,37.548,-118.844,3.24,0.69,md,13,280,0.04359,0.04,nc,nc72921641,2017-11-09T20:30:03.872Z,"15km SE of Mammoth Lakes, California",earthquake,0.93,0.64,0.186,10,reviewed,nc,nc
2017-11-09T09:45:41.490Z,33.4668333,-116.453,5,0.53,ml,26,111,0.1278,0.21,ci,ci38039832,2017-11-09T22:59:35.959Z,"23km ESE of Anza, CA",earthquake,0.32,2.94,0.125,17,reviewed,ci,ci
2017-11-09T09:44:36.010Z,60.056,-140.1168,1.1,1.7,ml,,,,0.74,ak,ak17172779,2017-11-09T09:49:45.934Z,"60km NNW of Yakutat, Alaska",earthquake,,0.2,,,automatic,ak,ak
2017-11-09T09:28:01.140Z,38.3475,-122.412,7.86,2.14,md,47,60,0.03655,0.11,nc,nc72921636,2017-11-09T22:24:03.695Z,"7km NNE of Sonoma, California",earthquake,0.24,0.21,0.152,30,reviewed,nc,nc
2017-11-09T08:58:58.899Z,38.4766,-118.0796,3.1,0.8,ml,5,299.86,0.074,0.0504,nn,nn00612004,2017-11-09T19:55:52.679Z,"45km SSW of Gabbs, Nevada",earthquake,,4.4,0.5,4,reviewed,nn,nn
2017-11-09T08:57:13.740Z,37.668335,-118.8550034,1.42,1.08,md,8,149,0.03337,0.06,nc,nc72921631,2017-11-09T10:07:02.451Z,"10km ENE of Mammoth Lakes, California",earthquake,0.51,1.45,0.17,7,automatic,nc,nc
2017-11-09T08:48:45.290Z,33.6516667,-116.715,14.28,0.39,ml,14,92,0.05935,0.08,ci,ci38039824,2017-11-09T23:02:45.634Z,"10km S of Idyllwild, CA",earthquake,0.29,0.53,0.137,10,reviewed,ci,ci
2017-11-09T08:45:13.490Z,36.8953,-97.5197,1.81,2.9,mb_lg,,72,0.122,0.11,us,us2000bksb,2017-11-09T15:39:11.287Z,"17km SSE of Caldwell, Kansas",earthquake,1.1,4.5,0.067,58,reviewed,us,us
2017-11-09T08:44:24.610Z,33.5018333,-116.7948333,4.56,0.37,ml,20,69,0.01148,0.1,ci,ci38039816,2017-11-09T22:57:44.322Z,"9km NE of Aguanga, CA",earthquake,0.17,0.32,0.094,10,reviewed,ci,ci
2017-11-09T08:36:14.900Z,44.7488333,-111.3611667,13.13,0.46,ml,11,68,0.095,0.14,mb,mb80268814,2017-11-09T18:30:36.550Z,"22km WNW of West Yellowstone, Montana",earthquake,0.38,0.91,0.316,3,reviewed,mb,mb
2017-11-09T08:31:42.580Z,37.5806667,-118.8453333,0.95,0.44,md,8,232,0.01592,0.05,nc,nc72921626,2017-11-09T19:57:03.814Z,"13km SE of Mammoth Lakes, California",earthquake,0.9,1.01,0.108,6,reviewed,nc,nc
2017-11-09T08:11:37.780Z,64.8492,-148.6727,7.4,0.4,ml,,,,0.4,ak,ak17172465,2017-11-09T19:41:18.411Z,"31km W of Ester, Alaska",earthquake,,3.1,,,reviewed,ak,ak
2017-11-09T07:54:33.810Z,38.8293343,-122.760498,1.11,0.83,md,8,131,0.007354,0.02,nc,nc72921621,2017-11-09T08:24:02.819Z,"3km WNW of Cobb, California",earthquake,0.51,0.73,0.17,3,automatic,nc,nc
2017-11-09T07:47:20.360Z,37.6113319,-118.8095016,2.7,1.08,md,10,220,0.02636,0.16,nc,nc72921616,2017-11-09T08:03:03.819Z,"14km ESE of Mammoth Lakes, California",earthquake,1.93,1.95,0.15,9,automatic,nc,nc
2017-11-09T07:43:46.927Z,58.7438,-157.4486,14.9,1.6,ml,,,,0.77,ak,ak17172436,2017-11-09T07:53:01.267Z,"46km W of King Salmon, Alaska",earthquake,,0.3,,,automatic,ak,ak
2017-11-09T07:42:12.540Z,32.5357,141.4466,20.34,6,mww,,96,1.491,1.05,us,us2000bkrv,2017-11-09T16:57:47.040Z,"165km ESE of Hachijo-jima, Japan",earthquake,6.9,4.3,0.073,18,reviewed,us,us
2017-11-09T07:38:05.650Z,33.5101667,-116.7936667,5.28,0.07,ml,14,102,0.006001,0.07,ci,ci38039808,2017-11-09T22:59:33.025Z,"10km NE of Aguanga, CA",earthquake,0.18,0.4,0.141,5,reviewed,ci,ci
2017-11-09T07:36:58.520Z,-30.7084,-71.3876,43.46,4.9,mwr,,88,0.215,0.91,us,us2000bkrs,2017-11-09T21:44:55.027Z,"21km SW of Ovalle, Chile",earthquake,7.1,4.9,0.039,64,reviewed,us,us
2017-11-09T07:25:24.878Z,63.1666,-149.9804,81.3,1.8,ml,,,,0.81,ak,ak17172285,2017-11-09T07:29:47.329Z,"57km WSW of Cantwell, Alaska",earthquake,,0.6,,,automatic,ak,ak
2017-11-09T06:45:48.470Z,33.4955,-116.789,4.86,0.21,ml,13,106,0.01931,0.08,ci,ci38039800,2017-11-09T23:01:30.000Z,"9km NE of Aguanga, CA",earthquake,0.24,0.62,0.099,6,reviewed,ci,ci
2017-11-09T06:43:54.682Z,38.035,-118.0452,0,1.1,ml,6,187.27,0.407,0.1435,nn,nn00611974,2017-11-09T18:13:16.566Z,"71km W of Tonopah, Nevada",earthquake,,0,0.25,4,reviewed,nn,nn
2017-11-09T06:29:47.163Z,61.0442,-150.8088,10,1.2,ml,,,,0.63,ak,ak17172284,2017-11-09T19:27:49.848Z,"47km NNE of Nikiski, Alaska",earthquake,,1.7,,,reviewed,ak,ak
2017-11-09T06:29:34.520Z,37.5988333,-118.8181667,3.31,0.59,md,17,167,0.01236,0.07,nc,nc72921611,2017-11-09T17:45:04.302Z,"14km ESE of Mammoth Lakes, California",earthquake,0.45,0.33,0.122,13,reviewed,nc,nc
2017-11-09T06:28:36.715Z,61.1827,-147.419,2.2,1.9,ml,,,,0.59,ak,ak17172283,2017-11-09T06:31:55.112Z,"57km W of Valdez, Alaska",earthquake,,0.4,,,automatic,ak,ak
2017-11-09T06:27:27.520Z,33.822,-117.6266667,3.94,0.57,ml,9,99,0.0304,0.11,ci,ci38039792,2017-11-09T22:59:40.338Z,"8km SW of Corona, CA",earthquake,0.33,0.45,0.171,5,reviewed,ci,ci
2017-11-09T06:27:09.135Z,64.6244,-146.9952,12.4,0.6,ml,,,,0.48,ak,ak17172282,2017-11-09T19:24:37.544Z,"5km SSE of Eielson Air Force Base, Alaska",earthquake,,0.6,,,reviewed,ak,ak
2017-11-09T06:22:53.290Z,46.8865,-112.5546667,15.7,1.58,ml,14,109,0.098,0.14,mb,mb80268804,2017-11-09T16:49:56.740Z,"12km SE of Lincoln, Montana",earthquake,0.46,0.43,0.093,2,reviewed,mb,mb
2017-11-09T06:17:32.870Z,33.6358333,-118.2388333,0.19,1.71,ml,32,91,0.08928,0.26,ci,ci38039784,2017-11-09T22:59:03.723Z,"12km SSE of San Pedro, CA",earthquake,0.31,0.78,0.137,36,reviewed,ci,ci
2017-11-09T06:08:46.310Z,36.0266667,-117.7678333,1.92,1.63,ml,26,57,0.002543,0.11,ci,ci38039776,2017-11-09T22:58:09.511Z,"16km NE of Little Lake, CA",earthquake,0.12,0.14,0.193,22,reviewed,ci,ci
2017-11-09T06:08:15.940Z,36.0263333,-117.768,1.83,0.95,ml,18,62,0.002488,0.14,ci,ci38039768,2017-11-09T22:59:28.755Z,"16km NE of Little Lake, CA",earthquake,0.17,0.17,0.163,8,reviewed,ci,ci
2017-11-09T06:02:30.936Z,61.0008,-146.2688,10.3,2.1,ml,,,,0.78,ak,ak17172270,2017-11-09T06:14:35.479Z,"15km SSE of Valdez, Alaska",earthquake,,0.1,,,automatic,ak,ak
2017-11-09T05:46:06.820Z,-28.2451,-71.4756,41.17,4.2,mb,,156,0.356,0.89,us,us2000bkr7,2017-11-09T13:48:40.129Z,"79km WNW of Vallenar, Chile",earthquake,6.6,9,0.158,11,reviewed,us,us
2017-11-09T05:45:32.399Z,63.2378,-150.4379,116.3,1.6,ml,,,,0.35,ak,ak17172268,2017-11-09T05:48:20.807Z,"76km WSW of Cantwell, Alaska",earthquake,,1.2,,,automatic,ak,ak
2017-11-09T05:41:53.250Z,38.3843,-118.912,5.5,1.8,ml,15,63.66,0.337,0.1913,nn,nn00611972,2017-11-09T18:03:53.505Z,"29km WSW of Hawthorne, Nevada",earthquake,,1.8,0.17,9,reviewed,nn,nn
2017-11-09T05:16:12.220Z,33.5075,-116.7975,4.89,0.39,ml,35,35,0.005409,0.13,ci,ci38039760,2017-11-09T22:57:20.888Z,"10km NE of Aguanga, CA",earthquake,0.14,0.46,0.118,10,reviewed,ci,ci
2017-11-09T05:15:31.936Z,59.675,-153.2884,102.2,2.2,ml,,,,0.64,ak,ak17172127,2017-11-09T05:21:56.257Z,"82km W of Anchor Point, Alaska",earthquake,,0.5,,,automatic,ak,ak
2017-11-09T05:06:18.260Z,37.6044998,-118.8154984,3.93,1.05,md,10,194,0.01804,0.03,nc,nc72921601,2017-11-09T05:13:02.647Z,"14km ESE of Mammoth Lakes, California",earthquake,1.22,0.67,0.16,9,automatic,nc,nc
2017-11-09T05:05:36.090Z,16.7132,-95.1141,35.71,4.3,mb,,145,2.888,0.87,us,us2000bkqw,2017-11-09T06:06:53.040Z,"13km S of Santa Maria Petapa, Mexico",earthquake,8.2,14.8,0.05,111,reviewed,us,us
2017-11-09T05:05:07.970Z,33.4673333,-116.4501667,7.47,0.77,ml,28,112,0.05954,0.16,ci,ci38039752,2017-11-09T22:57:41.113Z,"23km ESE of Anza, CA",earthquake,0.26,0.86,0.135,25,reviewed,ci,ci
2017-11-09T05:03:52.790Z,33.4633333,-116.4491667,5.92,0.76,ml,34,113,0.1317,0.18,ci,ci38039744,2017-11-09T23:00:18.519Z,"23km ESE of Anza, CA",earthquake,0.26,0.94,0.127,24,reviewed,ci,ci
2017-11-09T05:03:35.520Z,33.4678333,-116.4503333,7.37,0.41,ml,16,112,0.1434,0.12,ci,ci38039736,2017-11-09T22:58:02.629Z,"23km ESE of Anza, CA",earthquake,0.3,1.12,0.115,10,reviewed,ci,ci
2017-11-09T05:01:52.740Z,37.5666667,-118.8378333,1.4,0.67,md,9,265,0.02433,0.03,nc,nc72921596,2017-11-09T17:18:02.258Z,"14km SE of Mammoth Lakes, California",earthquake,1.07,1.14,0.145,9,reviewed,nc,nc
2017-11-09T04:58:05.910Z,33.4631667,-116.467,7.41,2,ml,97,27,0.06928,0.18,ci,ci38039728,2017-11-09T22:59:45.412Z,"22km ESE of Anza, CA",earthquake,0.11,0.35,0.141,76,reviewed,ci,ci
2017-11-09T04:57:38.090Z,33.4633333,-116.4598333,7.21,1.43,ml,59,78,0.06635,0.2,ci,ci38039720,2017-11-09T22:58:05.944Z,"22km ESE of Anza, CA",earthquake,0.21,0.66,0.124,25,reviewed,ci,ci
2017-11-09T04:53:31.980Z,32.2485,-116.3941667,17.18,2.09,ml,30,90,0.2371,0.19,ci,ci38039712,2017-11-09T23:02:50.208Z,"40km S of Campo, CA",earthquake,0.32,0.98,0.138,42,reviewed,ci,ci
2017-11-09T04:52:33.820Z,47.5353333,-121.9518333,2.36,1.31,ml,4,185,0.1495,0.11,uw,uw61326747,2017-11-09T17:30:59.320Z,"5km SW of Fall City, Washington",earthquake,0.76,0.93,0.112,3,reviewed,uw,uw
2017-11-09T04:42:11.180Z,37.5415001,-118.8335037,4.73,2.03,md,29,110,0.04857,0.04,nc,nc72921581,2017-11-09T12:44:44.895Z,"17km SE of Mammoth Lakes, California",earthquake,0.25,0.68,0.33,24,automatic,nc,nc
2017-11-09T04:41:21.510Z,33.492,-116.788,4.5,0.51,ml,22,47,0.02279,0.13,ci,ci38039688,2017-11-09T22:57:30.791Z,"9km NE of Aguanga, CA",earthquake,0.19,0.42,0.096,22,reviewed,ci,ci
2017-11-09T04:38:42.140Z,33.6353333,-118.2711667,-0.12,1.64,ml,14,152,0.07938,0.16,ci,ci38039696,2017-11-09T22:51:39.187Z,"11km S of San Pedro, CA",earthquake,0.38,0.57,0.175,10,reviewed,ci,ci
2017-11-09T04:35:59.900Z,33.463,-116.4668333,7.53,2.74,ml,126,24,0.06936,0.2,ci,ci38039680,2017-11-09T22:58:16.617Z,"22km ESE of Anza, CA",earthquake,0.11,0.33,0.137,152,reviewed,ci,ci
2017-11-09T04:32:30.370Z,37.6178333,-118.8385,2.14,0.34,md,12,148,0.01249,0.07,nc,nc72921571,2017-11-09T17:13:02.240Z,"12km ESE of Mammoth Lakes, California",earthquake,0.59,31.61,0.274,9,reviewed,nc,nc
2017-11-09T04:20:02.740Z,37.607666,-118.8198318,4.01,1.57,md,19,65,0.01909,0.04,nc,nc72921566,2017-11-09T05:26:03.667Z,"14km ESE of Mammoth Lakes, California",earthquake,0.28,0.34,0.17,14,automatic,nc,nc
2017-11-09T04:16:56.030Z,32.627,-115.71,7.11,1.28,ml,22,135,0.1329,0.15,ci,ci38039664,2017-11-09T23:00:36.339Z,"13km WNW of Progreso, B.C., MX",earthquake,0.32,0.77,0.245,13,reviewed,ci,ci
2017-11-09T04:16:53.600Z,37.6086667,-118.8263333,3.68,0.3,md,11,180,0.01874,0.05,nc,nc72921561,2017-11-09T17:55:03.314Z,"13km ESE of Mammoth Lakes, California",earthquake,0.35,0.53,0.31,9,reviewed,nc,nc
2017-11-09T04:12:48.430Z,33.467,-116.4516667,8.38,0.58,ml,42,88,0.06029,0.19,ci,ci38039656,2017-11-09T22:58:57.641Z,"23km ESE of Anza, CA",earthquake,0.23,0.58,0.143,18,reviewed,ci,ci
2017-11-09T04:11:42.900Z,35.8643341,-120.3041687,17.86,1.66,md,7,134,0.02097,0.18,nc,nc72921556,2017-11-09T05:03:04.626Z,"22km SW of Avenal, California",earthquake,1.87,0.93,0.21,8,automatic,nc,nc
2017-11-09T04:10:36.780Z,33.4633333,-116.465,7.52,1.91,ml,101,27,0.06832,0.2,ci,ci38039640,2017-11-09T22:57:48.314Z,"22km ESE of Anza, CA",earthquake,0.12,0.37,0.155,74,reviewed,ci,ci
2017-11-09T04:09:42.462Z,36.79,-115.9815,6.1,-0.2,ml,7,172.02,0.104,0.1463,nn,nn00612003,2017-11-09T19:49:37.472Z,"64km N of Pahrump, Nevada",earthquake,,4,0.1,3,reviewed,nn,nn
2017-11-09T04:06:23.750Z,37.5906667,-118.7938333,4.68,0.21,md,8,279,0.02803,0.01,nc,nc72921546,2017-11-09T04:27:03.563Z,"16km ESE of Mammoth Lakes, California",earthquake,4.35,3.06,0.219,7,reviewed,nc,nc
2017-11-09T03:54:42.650Z,10.7417,-61.5769,10,4,ml,,103,1.384,1.13,us,us2000bkq3,2017-11-09T07:24:00.886Z,"6km NW of Petit Valley, Trinidad and Tobago",earthquake,5.9,2,0.148,6,reviewed,us,us
2017-11-09T03:49:40.860Z,44.0755,-114.5145,5.9,2.2,ml,10,71,0.518,0.19,mb,mb80268794,2017-11-09T16:40:46.990Z,"44km NNW of Sun Valley, Idaho",earthquake,1.02,3.87,0.042,5,reviewed,mb,mb
2017-11-09T03:45:16.180Z,33.4696667,-116.4533333,7.77,0.57,ml,31,93,0.05835,0.13,ci,ci38039632,2017-11-09T22:59:00.586Z,"22km ESE of Anza, CA",earthquake,0.19,0.53,0.131,19,reviewed,ci,ci
2017-11-09T03:45:13.230Z,34.026,-116.6466667,10.68,0.35,ml,11,142,0.01253,0.11,ci,ci37171868,2017-11-09T22:59:08.764Z,"6km WSW of Morongo Valley, CA",earthquake,0.36,0.37,0.242,4,reviewed,ci,ci
2017-11-09T03:45:08.850Z,37.6018333,-118.8190002,3.58,1.43,md,22,60,0.01426,0.04,nc,nc72921536,2017-11-09T04:30:03.585Z,"14km ESE of Mammoth Lakes, California",earthquake,0.27,0.39,0.16,17,automatic,nc,nc
2017-11-09T03:35:04.740Z,33.4655,-116.4608333,7.1,1.45,ml,54,57,0.06478,0.19,ci,ci38039624,2017-11-09T22:57:46.898Z,"22km ESE of Anza, CA",earthquake,0.21,0.64,0.137,25,reviewed,ci,ci
2017-11-09T03:34:40.990Z,33.4685,-116.452,7.33,0.53,ml,25,111,0.059,0.14,ci,ci38039616,2017-11-09T22:59:28.549Z,"23km ESE of Anza, CA",earthquake,0.24,0.73,0.123,16,reviewed,ci,ci
2017-11-09T03:32:01.970Z,33.469,-116.4621667,6.88,1.51,ml,62,36,0.06223,0.18,ci,ci38039608,2017-11-09T22:59:32.674Z,"22km ESE of Anza, CA",earthquake,0.19,0.62,0.101,25,reviewed,ci,ci
2017-11-09T03:31:23.930Z,33.4678333,-116.4521667,6.89,0.79,ml,35,84,0.1111,0.21,ci,ci38039600,2017-11-09T22:57:32.259Z,"23km ESE of Anza, CA",earthquake,0.29,1.3,0.106,24,reviewed,ci,ci
2017-11-09T03:28:28.240Z,33.4638333,-116.4701667,7.62,3.1,ml,131,24,0.07007,0.21,ci,ci38039592,2017-11-09T22:59:06.582Z,"21km ESE of Anza, CA",earthquake,0.11,0.32,0.129,284,reviewed,ci,ci
2017-11-09T03:27:48.900Z,44.0741667,-114.506,8.96,1.73,ml,5,102,0.516,0.14,mb,mb80268789,2017-11-09T18:34:39.020Z,"43km NNW of Sun Valley, Idaho",earthquake,1.06,3.67,0.305,4,reviewed,mb,mb
2017-11-09T03:15:10.510Z,38.8134995,-122.8235016,1.76,2,md,23,67,0.006407,0.05,nc,nc72921496,2017-11-09T06:54:02.181Z,"7km NW of The Geysers, California",earthquake,0.27,0.35,0.06,8,automatic,nc,nc
2017-11-09T03:14:01.620Z,36.0716667,-121.6245,13.12,1.69,md,19,183,0.1947,0.16,nc,nc72921506,2017-11-09T22:49:02.439Z,"44km SW of Greenfield, California",earthquake,0.64,1.37,0.147,18,reviewed,nc,nc
2017-11-09T03:11:02.520Z,1.8944,127.094,99.14,5.2,mww,,72,1.147,1.06,us,us2000bkp8,2017-11-09T07:50:39.773Z,"103km W of Tobelo, Indonesia",earthquake,7.3,5.7,0.073,18,reviewed,us,us
2017-11-09T03:00:58.053Z,36.9951,-116.2169,3.2,0.3,ml,20,56.46,0.053,0.1528,nn,nn00611963,2017-11-09T17:18:42.027Z,"49km ENE of Beatty, Nevada",earthquake,,2.2,0.29,9,reviewed,nn,nn
2017-11-09T02:55:40.530Z,34.5288333,-118.8076667,10.93,1.14,ml,26,69,0.06679,0.22,ci,ci38039576,2017-11-09T22:58:17.939Z,"13km N of Piru, CA",earthquake,0.33,0.51,0.15,17,reviewed,ci,ci
2017-11-09T02:50:28.324Z,64.4542,-147.9529,17.4,2.6,ml,,,,0.7,ak,ak17171833,2017-11-09T03:04:40.916Z,"43km SSW of Badger, Alaska",earthquake,,0.2,,,automatic,ak,ak
2017-11-09T02:47:12.200Z,34.5088333,-118.803,12.58,1.34,ml,38,40,0.07752,0.25,ci,ci38039568,2017-11-09T22:59:31.630Z,"10km N of Piru, CA",earthquake,0.29,0.72,0.185,21,reviewed,ci,ci
2017-11-09T02:42:32.144Z,38.3729,-118.896,11.9,1,ml,8,159.13,0.323,0.1343,nn,nn00611960,2017-11-09T16:59:24.240Z,"29km SW of Hawthorne, Nevada",earthquake,,9.2,0.19,4,reviewed,nn,nn
2017-11-09T02:39:32.010Z,46.865,-112.5338333,12.03,1.17,ml,12,101,0.123,0.11,mb,mb80268779,2017-11-09T18:42:21.530Z,"15km SE of Lincoln, Montana",earthquake,0.43,0.95,0.002,2,reviewed,mb,mb
2017-11-09T02:36:09.340Z,37.6063333,-118.9736667,0.91,0.35,md,7,181,0.01542,0.01,nc,nc72921491,2017-11-09T04:16:50.043Z,"4km S of Mammoth Lakes, California",earthquake,2.23,0.55,0.272,6,reviewed,nc,nc
2017-11-09T02:28:24.620Z,46.9021667,-112.5165,7.28,1.19,ml,13,112,0.109,0.23,mb,mb80268774,2017-11-09T18:51:01.010Z,"13km ESE of Lincoln, Montana",earthquake,0.82,1.31,0.003,2,reviewed,mb,mb
2017-11-09T02:24:47.210Z,33.9268333,-116.7375,11.59,1.01,ml,46,57,0.1055,0.16,ci,ci38039560,2017-11-09T22:58:17.003Z,"5km ENE of Cabazon, CA",earthquake,0.2,0.66,0.145,26,reviewed,ci,ci
2017-11-09T02:13:21.340Z,37.605999,-118.819664,3.19,0.49,md,8,85,0.01762,0.03,nc,nc72921481,2017-11-09T02:21:04.270Z,"14km ESE of Mammoth Lakes, California",earthquake,0.54,1.08,0.16,6,automatic,nc,nc
2017-11-09T02:10:23.170Z,37.6036682,-118.817337,4.32,1.39,md,17,63,0.01652,0.04,nc,nc72921471,2017-11-09T05:42:03.697Z,"14km ESE of Mammoth Lakes, California",earthquake,0.27,0.45,0.17,13,automatic,nc,nc
2017-11-09T02:08:25.660Z,33.4858333,-116.7905,4.42,1.86,ml,73,36,0.02772,0.22,ci,ci38039552,2017-11-09T22:59:50.695Z,"8km NE of Aguanga, CA",earthquake,0.18,0.47,0.111,26,reviewed,ci,ci
2017-11-09T02:07:32.420Z,37.6001663,-118.817337,3.82,1.13,md,13,223,0.01378,0.02,nc,nc72921461,2017-11-09T05:15:03.651Z,"14km ESE of Mammoth Lakes, California",earthquake,1.53,0.59,0.07,11,automatic,nc,nc
2017-11-09T01:49:19.010Z,33.486,-116.7903333,4.31,1.05,ml,42,38,0.0276,0.18,ci,ci38039544,2017-11-09T23:01:50.933Z,"8km NE of Aguanga, CA",earthquake,0.19,0.42,0.14,26,reviewed,ci,ci
2017-11-09T01:28:16.720Z,33.9888333,-116.6895,15.18,0.72,ml,20,96,0.06039,0.19,ci,ci38039536,2017-11-09T22:58:52.629Z,"12km WSW of Morongo Valley, CA",earthquake,0.46,1.02,0.155,19,reviewed,ci,ci
2017-11-09T01:10:10.730Z,36.0506668,-120.6188354,7.89,1.08,md,11,133,0.02578,0.05,nc,nc72921451,2017-11-09T01:30:05.831Z,"25km WSW of Coalinga, California",earthquake,0.76,0.84,0.24,4,automatic,nc,nc
2017-11-09T00:54:47.730Z,33.4761667,-116.5843333,9.57,0.82,ml,36,74,0.02376,0.15,ci,ci38039520,2017-11-09T22:58:51.877Z,"12km SE of Anza, CA",earthquake,0.19,0.32,0.138,26,reviewed,ci,ci
2017-11-09T00:33:57.260Z,37.6685,-118.8685,-0.6,0.61,md,8,193,0.03255,0.08,nc,nc72921426,2017-11-09T16:05:04.120Z,"9km ENE of Mammoth Lakes, California",earthquake,0.33,0.57,0.201,8,reviewed,nc,nc
2017-11-09T00:29:03.290Z,2.2392,127.5041,118.69,4.6,mb,,109,1.464,0.61,us,us2000bkmn,2017-11-09T08:31:39.659Z,"79km NW of Tobelo, Indonesia",earthquake,9.6,6.8,0.09,37,reviewed,us,us
2017-11-09T00:26:12.200Z,45.866,-122.4381667,-0.93,1.27,ml,8,255,0.0678,0.15,uw,uw61326712,2017-11-09T01:56:57.590Z,"2km W of Yacolt, Washington",explosion,1.49,31.61,0.141,6,reviewed,uw,uw
2017-11-09T00:13:54.690Z,37.526,-118.8453333,2.27,0.52,md,4,314,0.09388,0.07,nc,nc72921421,2017-11-09T04:22:02.551Z,"17km SE of Mammoth Lakes, California",earthquake,1.79,8.25,0.119,4,reviewed,nc,nc
2017-11-09T00:12:35.290Z,37.661499,-118.8550034,3.16,1.03,md,10,105,0.02798,0.06,nc,nc72921416,2017-11-09T00:25:02.348Z,"10km E of Mammoth Lakes, California",earthquake,0.47,1.08,0.14,8,automatic,nc,nc
2017-11-09T00:01:43.800Z,52.1716,-171.0549,47.54,4.9,mb,,136,0.964,0.72,us,us2000bkmd,2017-11-09T00:25:23.221Z,"37km SSE of Amukta Island, Alaska",earthquake,6.8,6.8,0.032,298,reviewed,us,us
2017-11-08T23:57:54.650Z,36.2839,-97.5152,2.32,2.8,mb_lg,,25,0.21,0.17,us,us2000bkm6,2017-11-09T13:54:13.771Z,"20km W of Perry, Oklahoma",earthquake,1.5,7.8,0.066,59,reviewed,us,us
2017-11-08T23:47:47.173Z,64.9967,-147.4089,1.4,1.3,ml,,,,0.89,ak,ak17171345,2017-11-08T23:59:25.417Z,"22km NE of Fairbanks, Alaska",earthquake,,3.7,,,automatic,ak,ak
2017-11-08T23:40:30.680Z,38.8180008,-122.7751694,0.65,0.76,md,7,120,0.006402,0.07,nc,nc72921406,2017-11-09T00:21:04.778Z,"4km W of Cobb, California",earthquake,0.66,0.71,0.17,3,automatic,nc,nc
2017-11-08T23:32:19.960Z,37.6611667,-118.8561667,0.52,0.39,md,6,195,0.02822,0.02,nc,nc72921401,2017-11-09T04:20:04.142Z,"10km E of Mammoth Lakes, California",earthquake,2.2,3.42,0.124,5,reviewed,nc,nc
2017-11-08T23:24:03.660Z,36.0313339,-120.5993347,2.56,1.14,md,16,110,0.03748,0.08,nc,nc72921396,2017-11-08T23:48:03.275Z,"24km WSW of Coalinga, California",earthquake,0.42,1.1,0.05,6,automatic,nc,nc
2017-11-08T23:21:35.260Z,-14.4931,167.4107,179.09,4.8,mb,,59,6.251,0.79,us,us2000bkll,2017-11-08T23:39:41.040Z,"69km SSW of Sola, Vanuatu",earthquake,11.2,7.7,0.074,56,reviewed,us,us
2017-11-08T23:21:19.130Z,36.0330009,-120.5979996,2.29,1.1,md,12,119,0.03576,0.06,nc,nc72921391,2017-11-08T23:36:03.264Z,"24km WSW of Coalinga, California",earthquake,0.45,1.42,0.04,4,automatic,nc,nc
2017-11-08T23:16:59.750Z,19.3516667,-155.4938333,9.946,2.14,md,52,44,,0.11,hv,hv61970856,2017-11-09T05:48:25.510Z,"18km N of Pahala, Hawaii",earthquake,0.27,0.49,0.103,25,reviewed,hv,hv
2017-11-08T23:14:40.520Z,31.6653333,-115.9883333,10.48,2.67,ml,16,172,0.3241,0.11,ci,ci38039480,2017-11-09T23:00:59.896Z,"55km E of Maneadero, B.C., MX",earthquake,0.39,0.47,0.152,22,reviewed,ci,ci
2017-11-08T23:11:26.920Z,33.5118333,-116.7925,4.97,0.51,ml,29,42,0.07057,0.12,ci,ci38039472,2017-11-09T22:58:32.729Z,"10km NE of Aguanga, CA",earthquake,0.17,0.96,0.078,15,reviewed,ci,ci
2017-11-08T23:09:45.670Z,33.5066667,-116.7946667,5.35,0.37,ml,22,61,0.00741,0.08,ci,ci38039464,2017-11-09T23:00:12.051Z,"10km NE of Aguanga, CA",earthquake,0.16,0.37,0.176,12,reviewed,ci,ci
2017-11-08T23:07:10.512Z,60.1126,-140.7633,3.5,1.4,ml,,,,0.88,ak,ak17171202,2017-11-08T23:12:28.105Z,"85km NW of Yakutat, Alaska",earthquake,,0.3,,,automatic,ak,ak
2017-11-08T23:05:33.260Z,37.5408325,-118.833168,4.65,1.93,md,34,95,0.04921,0.04,nc,nc72921381,2017-11-08T23:20:04.235Z,"17km SE of Mammoth Lakes, California",earthquake,0.23,0.57,0.26,29,automatic,nc,nc
